kecamatan,kota,centroid_lat,centroid_lng,crime_total,street_crime,street_crime_evening,crime_year,evening_share,population,area_km2,pop_density_km2,lamp_count,lamps_per_km2,street_crime_per_100k,risk_score,risk_level,risk_policy_version
KEMAYORAN,KOTA ADM. JAKARTA PUSAT,-6.1627,106.85582,911,366,100,2026,0.2732,246798,7.2,34289.4,5324,739.7,148.3,0.9791,CRITICAL,jakarta-kecamatan-v1
KEBAYORAN BARU,KOTA ADM. JAKARTA SELATAN,-6.24473,106.80144,1008,332,57,2026,0.1717,148241,12.75,11630.8,6540,513.1,224.0,0.9837,CRITICAL,jakarta-kecamatan-v1
SETIA BUDI,KOTA ADM. JAKARTA SELATAN,-6.21962,106.82999,717,220,42,2026,0.1909,113147,8.96,12627.9,2971,331.6,194.4,0.9535,CRITICAL,jakarta-kecamatan-v1
DUREN SAWIT,KOTA ADM. JAKARTA TIMUR,-6.2325,106.92056,627,195,46,2026,0.2359,445443,22.17,20093.9,15821,713.7,43.8,0.8093,HIGH,jakarta-kecamatan-v1
CENGKARENG,KOTA ADM. JAKARTA BARAT,-6.15147,106.73685,680,189,42,2026,0.2222,581788,25.83,22525.8,8984,347.8,32.5,0.7349,HIGH,jakarta-kecamatan-v1
CAKUNG,KOTA ADM. JAKARTA TIMUR,-6.18848,106.94085,640,185,34,2026,0.1838,582327,41.44,14051.4,14884,359.1,31.8,0.6779,MEDIUM,jakarta-kecamatan-v1
JATINEGARA,KOTA ADM. JAKARTA TIMUR,-6.2273,106.87742,589,185,31,2026,0.1676,318819,10.39,30683.9,7954,765.5,58.0,0.8128,HIGH,jakarta-kecamatan-v1
TANAH ABANG,KOTA ADM. JAKARTA PUSAT,-6.20543,106.80938,584,178,30,2026,0.1685,165179,10.09,16371.4,4725,468.3,107.8,0.8302,HIGH,jakarta-kecamatan-v1
TANJUNG PRIOK,KOTA ADM. JAKARTA UTARA,-6.13189,106.87497,586,168,26,2026,0.1548,406441,22.59,17990.3,10035,444.2,41.3,0.6709,MEDIUM,jakarta-kecamatan-v1
SAWAH BESAR,KOTA ADM. JAKARTA PUSAT,-6.1539,106.83324,494,168,36,2026,0.2143,120597,5.38,22413.1,3569,663.3,139.3,0.8407,HIGH,jakarta-kecamatan-v1
KEBAYORAN LAMA,KOTA ADM. JAKARTA SELATAN,-6.2495,106.78008,615,154,26,2026,0.1688,322035,19.14,16826.4,7405,386.9,47.8,0.6953,MEDIUM,jakarta-kecamatan-v1
GROGOL PETAMBURAN,KOTA ADM. JAKARTA BARAT,-6.16341,106.78649,610,153,41,2026,0.268,230173,10.88,21160.0,7634,701.8,66.5,0.786,HIGH,jakarta-kecamatan-v1
MENTENG,KOTA ADM. JAKARTA PUSAT,-6.19583,106.8353,768,147,35,2026,0.2381,85016,6.5,13078.4,3633,558.9,172.9,0.8093,HIGH,jakarta-kecamatan-v1
KALI DERES,KOTA ADM. JAKARTA BARAT,-6.13461,106.7039,506,144,37,2026,0.2569,464076,29.1,15947.0,8957,307.8,31.0,0.5977,MEDIUM,jakarta-kecamatan-v1
PULO GADUNG,KOTA ADM. JAKARTA TIMUR,-6.1932,106.88901,448,135,23,2026,0.1704,297922,14.97,19901.9,11740,784.3,45.3,0.6163,MEDIUM,jakarta-kecamatan-v1
KOJA,KOTA ADM. JAKARTA UTARA,-6.12147,106.90496,366,126,22,2026,0.1746,342279,11.71,29231.5,4015,342.9,36.8,0.557,MEDIUM,jakarta-kecamatan-v1
KRAMAT JATI,KOTA ADM. JAKARTA TIMUR,-6.27631,106.86544,418,126,19,2026,0.1508,317427,13.13,24179.7,7887,600.8,39.7,0.5523,MEDIUM,jakarta-kecamatan-v1
KEBON JERUK,KOTA ADM. JAKARTA BARAT,-6.18951,106.76906,555,125,30,2026,0.24,362641,17.73,20453.8,10708,604.0,34.5,0.5605,MEDIUM,jakarta-kecamatan-v1
MAKASAR,KOTA ADM. JAKARTA TIMUR,-6.26631,106.89111,322,116,23,2026,0.1983,221367,21.61,10242.4,7400,342.4,52.4,0.6186,MEDIUM,jakarta-kecamatan-v1
CILANDAK,KOTA ADM. JAKARTA SELATAN,-6.29267,106.79333,530,110,29,2026,0.2636,220968,17.82,12398.0,5489,308.0,49.8,0.614,MEDIUM,jakarta-kecamatan-v1
JAGAKARSA,KOTA ADM. JAKARTA SELATAN,-6.33402,106.82236,500,104,13,2026,0.125,379385,25.17,15071.3,5925,235.4,27.4,0.3512,LOW,jakarta-kecamatan-v1
CILINCING,KOTA ADM. JAKARTA UTARA,-6.12428,106.94209,358,100,14,2026,0.14,445729,43.75,10188.3,7391,168.9,22.4,0.3186,LOW,jakarta-kecamatan-v1
GAMBIR,KOTA ADM. JAKARTA PUSAT,-6.17145,106.81813,404,93,26,2026,0.2796,90638,7.54,12021.1,4025,533.8,102.6,0.6267,MEDIUM,jakarta-kecamatan-v1
TAMAN SARI,KOTA ADM. JAKARTA BARAT,-6.14814,106.81838,358,93,16,2026,0.172,122909,4.52,27218.7,2677,592.8,75.7,0.5616,MEDIUM,jakarta-kecamatan-v1
PENJARINGAN,KOTA ADM. JAKARTA UTARA,-6.11504,106.76393,452,90,19,2026,0.2111,326085,40.45,8061.9,9141,226.0,27.6,0.3581,LOW,jakarta-kecamatan-v1
KEMBANGAN,KOTA ADM. JAKARTA BARAT,-6.19823,106.74182,418,90,17,2026,0.1889,311262,25.03,12434.0,9981,398.7,28.9,0.3535,LOW,jakarta-kecamatan-v1
MATRAMAN,KOTA ADM. JAKARTA TIMUR,-6.20361,106.86454,279,90,16,2026,0.1778,182981,4.88,37506.5,4096,839.6,49.2,0.4698,MEDIUM,jakarta-kecamatan-v1
PADEMANGAN,KOTA ADM. JAKARTA UTARA,-6.13006,106.83812,319,87,20,2026,0.2299,166587,13.29,12530.1,3250,244.5,52.2,0.4953,MEDIUM,jakarta-kecamatan-v1
MAMPANG PRAPATAN,KOTA ADM. JAKARTA SELATAN,-6.25231,106.82099,352,82,11,2026,0.1341,152437,7.98,19105.5,3041,381.1,53.8,0.4209,MEDIUM,jakarta-kecamatan-v1
PASAR REBO,KOTA ADM. JAKARTA TIMUR,-6.32642,106.85726,301,79,10,2026,0.1266,236387,12.53,18871.4,8127,648.8,33.4,0.2884,LOW,jakarta-kecamatan-v1
PASAR MINGGU,KOTA ADM. JAKARTA SELATAN,-6.29083,106.82929,421,78,11,2026,0.141,324691,21.71,14956.8,6221,286.6,24.0,0.2093,LOW,jakarta-kecamatan-v1
TAMBORA,KOTA ADM. JAKARTA BARAT,-6.1475,106.8035,262,76,16,2026,0.2105,258061,5.44,47459.9,3783,695.7,29.5,0.2744,LOW,jakarta-kecamatan-v1
SENEN,KOTA ADM. JAKARTA PUSAT,-6.18425,106.8459,293,74,16,2026,0.2162,119388,4.37,27329.1,3552,813.1,62.0,0.4302,MEDIUM,jakarta-kecamatan-v1
PALMERAH,KOTA ADM. JAKARTA BARAT,-6.19173,106.79559,374,73,18,2026,0.2466,225842,7.4,30525.8,4340,586.6,32.3,0.3,LOW,jakarta-kecamatan-v1
PESANGGRAHAN,KOTA ADM. JAKARTA SELATAN,-6.25038,106.75868,285,72,10,2026,0.1389,264647,13.55,19530.5,4749,350.5,27.2,0.1605,NONE,jakarta-kecamatan-v1
TEBET,KOTA ADM. JAKARTA SELATAN,-6.22886,106.85088,436,71,15,2026,0.2113,231318,9.39,24639.7,4511,480.5,30.7,0.2186,LOW,jakarta-kecamatan-v1
CIRACAS,KOTA ADM. JAKARTA TIMUR,-6.3339,106.8784,326,70,16,2026,0.2286,320779,16.92,18960.6,8485,501.5,21.8,0.1605,NONE,jakarta-kecamatan-v1
KELAPA GADING,KOTA ADM. JAKARTA UTARA,-6.16104,106.90369,355,68,9,2026,0.1324,144911,15.97,9071.2,7715,482.9,46.9,0.2581,LOW,jakarta-kecamatan-v1
CEMPAKA PUTIH,KOTA ADM. JAKARTA PUSAT,-6.18088,106.86812,286,66,16,2026,0.2424,95404,4.69,20362.0,3673,783.9,69.2,0.3744,LOW,jakarta-kecamatan-v1
PANCORAN,KOTA ADM. JAKARTA SELATAN,-6.25534,106.84363,313,61,8,2026,0.1311,174542,8.91,19595.9,3573,401.1,34.9,0.1744,NONE,jakarta-kecamatan-v1
CIPAYUNG,KOTA ADM. JAKARTA TIMUR,-6.32534,106.90356,315,58,14,2026,0.2414,306965,27.84,11026.5,10965,393.9,18.9,0.0837,NONE,jakarta-kecamatan-v1
JOHAR BARU,KOTA ADM. JAKARTA PUSAT,-6.18211,106.85459,185,57,12,2026,0.2105,134250,2.38,56457.3,2299,966.8,42.5,0.207,LOW,jakarta-kecamatan-v1
KEPULAUAN SERIBU UTARA,KAB. ADM. KEP. SERIBU,-5.58013,106.55358,18,8,0,2026,0.0,17578,6.74,2609.1,0,0.0,45.5,0.1814,NONE,jakarta-kecamatan-v1
KEPULAUAN SERIBU SELATAN,KAB. ADM. KEP. SERIBU,-5.90101,106.6213,14,3,0,2026,0.0,12756,4.03,3161.5,0,0.0,23.5,0.0233,NONE,jakarta-kecamatan-v1
