jenis_kejahatan,crime_total
Penipuan / Perbuatan Curang,4576
Pencurian Dengan Pemberatan ( Curat ),3333
Pencurian Biasa,3280
Manipulasi data autentik secara elektronik (ITE),3206
Penggelapan,2346
Narkotika ( Narkoba ),2319
Penganiayaan,1889
Curanmor R-2,1007
Pengeroyokan,881
Kekerasan Dalam Rumah Tangga,869
Pencemaran Nama Baik,769
Menjual atau mengedarkan obat keras / bebas terbatas tanpa ijin,381
Tindak Pidana Dalam Perlindungan Anak,336
Pengancaman,305
Pemalsuan Surat Otentik,239
Kejahatan Terkait Perlindungan Data Pribadi,208
Memasuki Pekarangan Tanpa Ijin,203
Penganiayaan Berat ( Anirat ),199
Kejahatan terkait Tenaga Kesehatan,190
Pemerasan Dan Pengancaman,178
Cabul,177
Pencurian Dengan Kekerasan ( Curas ),170
Perzinahan,170
Perbuatan Yang Tidak Menyenangkan,135
Kejahatan Terkait Senjata Tajam ( Sajam ) ( Premanisme ),131
Kejahatan Tentang Jaminan Fidusia,128
Pemerasan,128
Pengerusakan,126
Kekerasan Seksual (KDRT),118
Perkosaan,109
Penghinaan,108
Pencurian Ringan,102
Percobaan Pencurian,85
Kejahatan Tentang Pornografi,81
Terhadap ketertiban umum,81
Penyerobotan Tanah,73
Sumpah Palsu Dan Keterangan Palsu,69
Persetubuhan Terhadap Anak / Cabul Terhadap Anak,67
Kejahatan Terkait Merek,62
Perampasan ( Premanisme ),42
Tindak Pidana Transfer Dana,40
Kejahatan Tentang Minyak Dan Gas  ( MIGAS ),34
Perbankan,34
Judi,31
Penadahan,31
Pencurian dalam lingkungan keluarga,25
Pengaduan Palsu,24
Kejahatan Terhadap Jiwa Orang / Pembunuhan,23
Kawin halangan/kawin tanpa ijin,22
Kejahatan Tentang Tenaga Kerja,22
Perlindungan Konsumen,21
Sengaja Menimbulkan Kebakaran/banjir (pembakaran),20
Penculikan,18
Mengakibatkan Orang Mati,16
Kejahatan tentang perlindungan pekerja migran indonesia,14
Karena Alpa  Menimbulkan  Kebakaran/ Meletus/banjir,13
Psikotropika ( Narkoba ),13
Penistaan Agama,12
Penyekapan,12
Mengakibatkan Orang Luka,11
Penyebaran Berita Bohong ( Hoax ),11
Illegal Fishing,10
Pembunuhan,9
Kejahatan Terkait Metrologi Legal,8
Menempatkan anaknya untuk ditemukan atau meninggalkannya dengan maksud untuk melepaskan diri dari padanya,8
Mucikari ( Pelacuran ),7
Tindak Pidana Pencucian Uang ( TPPU / Money Laundering),7
Hak Atas Kekayaan Intelektual ( HAKI ),6
Aborsi,5
Kejahatan Tentang Perdagangan,5
Melawan Putusan Pengadilan,5
Telekomunikasi,5
Kejahatan Tentang Konservasi Sumber Daya Alam Hayati Dan Ekosistem,4
Korupsi ( Tipikor ),4
Pemalsuan Mata Uang Dan Uang Kertas,4
Perkelahian Pelajar / Mahasiswa,4
Karantina,3
Kejahatan Tentang Desain Industri,3
Kejahatan Tentang Peternakan Dan Kesehatan Hewan,3
Kejahatan Terhadap Penguasa Umum,3
"Konflik Suku, Agama, Ras, dan Antar Golongan (SARA)",3
Membahayakan Keamanan Umum Bagi  Orang / Barang,3
Penyalahgunaan Wewenang,3
Penyelundupan Senjata api (senpi),3
Perdagangan Manusia / Trafficking In Person / Tppo (dalam Negeri),3
Tindak Asusila,3
Kejahatan Lingkungan Hidup,2
Kejahatan Terkait Administrasi Kependudukan,2
Kejahatan Terkait Pangan,2
Melawan Petugas yang Sedang Bertugas,2
Membahayakan keamanan umum,2
Kejahatan Tentang Keterbatasan Informasi Publik,1
Kejahatan Tentang Otoritas Jasa Keuangan,1
Kejahatan Tentang Penataan Ruang,1
Kejahatan Tentang Penghapusan Diskriminasi Ras Dan Etnis,1
Kejahatan Tentang Perindustrian,1
Kejahatan Tentang Pers,1
Kejahatan Tentang Serikat Pekerja,1
Kejahatan Terkait Pengairan,1
Kejahatan Terkait Rahasia Dagang,1
Mengganggu Fungsi Jalan,1
Paten,1
Terkait Bangunan Gedung,1
Terorisme,1
Bandar / Pengedar Narkotika,0
Bandar Judi,0
Bangunan Tanpa Izin (PBG/IMB),0
"barang siapa di muka umum menyanyikan lagu-lagu yang melanggar kesusilaan, di muka umum mengadakan pidato yang melanggar kesusilaan, di tempat yang terlihat dari jalan umum mengadakan tulisan atau gambaran yang melanggar kesusilaan.",0
"Barang siapa tanpa izin kepala polisi atau pejabat yang ditunjuk untuk itu, membakar barang tak bergerak kepunyaan sendiri",0
Bea Materai,0
Cukai,0
Curanmor,0
Curas dengan Pemberatan,0
Curat (Malam + Rusak + Kelompok),0
Dengan melawan hak merintangi kemerdekaan bergerak di jalan umum (merintangi kawannya untuk diajak mogok),0
"Dimuka umum: menyanyikan lagu-lagu, pidato, mengadakan gambar/tulisan yang melanggar kesopanan",0
Dumping Limbah,0
Fitnah,0
Gangguan Tetangga/Prank Bahaya,0
Hoaks Konsumen,0
Ilegall Fishing,0
Jual Beli Data Pribadi,0
Judi Online,0
Judi Togel,0
Karena alpa menimbulkan kebakaran/meletus/banjir,0
KDRT Seksual (istri di bawah umur) - Luka,0
Kecurangan Ekonomi,0
Kejahatan Administrasi Kependudukan,0
Kejahatan Bangunan Gedung,0
Kejahatan Benda Cagar Budaya,0
Kejahatan dalam Penyelenggaraan Ibadah Haji,0
Kejahatan Desain Industri,0
Kejahatan Hak Atas Kekayaan Intelektual ( HAKI ),0
Kejahatan Informasi dan Transaksi Elektronik,0
Kejahatan Jaminan Fidusia,0
Kejahatan Keimigrasian,0
Kejahatan Ketenaga Listrikan,0
Kejahatan Keterbatasan Informasi Publik,0
Kejahatan Keuangan Negara,0
Kejahatan Konservasi Sumber Daya Alam Hayati Dan Ekosistem,0
Kejahatan Mata Uang,0
Kejahatan Merek,0
Kejahatan Metrologi Legal,0
Kejahatan Minyak Dan Gas (MIGAS),0
Kejahatan Narkotika / narkoba (dalam Negeri/ Lokal),0
Kejahatan Otoritas Jasa Keuangan,0
Kejahatan Panas Bumi,0
Kejahatan Pangan,0
Kejahatan Pariwisata,0
Kejahatan Pasar Modal,0
Kejahatan Pelayaran,0
Kejahatan Pemilihan Umum,0
Kejahatan Penataan Ruang,0
Kejahatan Pencegahan Dan Pemberantasan Perusakan Hutan (Illegal Logging),0
Kejahatan Penerbangan,0
"Kejahatan Pengusutan, Penuntutan Dan Peradilan Tindak Pidana Ekonomi",0
Kejahatan Penyiaran,0
Kejahatan Peradilan Anak,0
Kejahatan Perairan Indonesia,0
Kejahatan Perdagangan,0
Kejahatan Perdagangan Berjangka,0
Kejahatan Perdagangan Manusia,0
Kejahatan Perindustrian,0
Kejahatan Perkebunan,0
Kejahatan Perlindungan Anak,0
Kejahatan Perlindungan Konsumen,0
Kejahatan Perlindungan Saksi Dan Korban,0
Kejahatan Pers,0
Kejahatan Pertambangan Mineral Dan Batubara (Illegal Mining),0
Kejahatan Perumahan Dan Kawasan Pemukiman,0
Kejahatan Peternakan Dan Kesehatan Hewan,0
Kejahatan Pornografi,0
Kejahatan Praktek Kedokteran,0
Kejahatan psikotropika,0
Kejahatan Rahasia Dagang,0
Kejahatan Serikat Pekerja,0
Kejahatan Sistem Keolahragaan Nasional,0
Kejahatan Sistem Pendidikan Nasional,0
Kejahatan Tenaga Kerja,0
Kejahatan Tenaga Kesehatan,0
Kejahatan Tentang Benda Cagar Budaya,0
Kejahatan Tentang Ekstradisi,0
Kejahatan Tentang Keimigrasian,0
Kejahatan Tentang Pariwisata,0
Kejahatan Tentang Pencegahan Dan Pemberantasan Perusakan Hutan,0
Kejahatan Tentang Penempatan Dan Perlindungan Tki Di Luar Negeri,0
Kejahatan Tentang Penerbangan,0
"Kejahatan Tentang Pengusutan, Penuntutan Dan Peradilan Tindak Pidana Ekonomi",0
Kejahatan Tentang Peradilan Anak,0
Kejahatan Tentang Perdagangan Berjangka,0
Kejahatan Tentang Perkebunan,0
Kejahatan Tentang Perkeretaapian,0
Kejahatan Tentang Pertambangan Mineral Dan Batubara (illegal Mining),0
Kejahatan Tentang Praktek Monopoli Dan Persaingan Usaha Tidak Sehat,0
Kejahatan Tentang Tenaga Nuklir,0
Kejahatan Terhadap Keamanan Negara,0
Kejahatan Terhadap Perkawinan,0
Kejahatan Terhadap Pertanian,0
Kejahatan terhadap ras,0
kejahatan terhadap sumber daya air,0
Kejahatan Terkait Kearsipan,0
Kejahatan Terkait Ketenaga Listrikan,0
Kejahatan Terkait Keuangan Negara,0
Kejahatan terkait Pemilihan Umum,0
Kejahatan Terkait Pengelolaan Sampah,0
Kejahatan Terkait Penyelenggaraan Haji dan Umrah,0
Kejahatan Terkait Penyiaran,0
Kejahatan Terkait Perairan Indonesia,0
Kejahatan Terkait Perlindungan Varietas Tanaman,0
Kejahatan Terkait Perumahan Dan Kawasan Pemukiman,0
Kejahatan Terkait Praktek Kedokteran,0
Kejahatan Terkait Senjata Tajam ( Sajam ),0
Kejahatan Terkait Sistem Pendidikan Nasional,0
Kekerasan Fisik,0
Kekerasan Fisik Suami/Istri (Ringan),0
Kekerasan Seksual,0
Kekerasan terhadap Anak,0
Kekerasan terhadap Anak (Luka Berat),0
Kelalaian mengakibatkan orang luka,0
Kelalaian Mengakibatkan orang mati,0
Kenakalan terhadap orang atau barang,0
Kepailitan,0
Kepemilikan Bukan Tanaman,0
Kepemilikan Senjata Tajam Ilegal,0
Kerugian Negara (Melawan Hukum),0
Kerugian Negara (Penyalahgunaan Wewenang),0
Konten Asusila,0
Korupsi,0
Korupsi (Memperkaya Diri/Kerugian Negara),0
Korupsi (Penyalahgunaan Wewenang),0
Larangan Perolehan/Pengumpulan Data Pribadi Bukan Miliknya,0
Mabuk di Tempat Umum,0
Masuk rumah orang tanpa izin (Trespassing),0
Masuk Rumah Tanpa Izin (Trespassing),0
Melarikan Perempuan (Tipu/Paksa),0
Melawan Kekuasaan Umum,0
Memakai Suatu Hak Yang Telah Diketahui Bahwa Haknya Telah Dicabut Oleh Hakim,0
Memasukan/Mengeluarkan Ikan Berpenyakit,0
Membantu Tahanan Kabur / Melarikan Diri,0
Membawa Senjata Tajam,0
Membuat dan atau menjual barang berbahaya,0
Membuat dan atau menjual minuman keras (Miras) oplosan,0
Membuat gaduh pertemuan Agama,0
Mempekerjakan Anak Dibawah Umur,0
Mencabut Barang Milik Sendiri,0
Mengedarkan pangan tercemar,0
Mengganggu ketentraman dengan memberikan teriakan isyarat palsu,0
Menghalangi Pemberian ASI Eksklusif,0
Menghalangi Pengawas,0
Menghalangi Penyidikan,0
Menghambat Penyidikan,0
Menghancurkan / Merusak Barang,0
Menghancurkan atau merusak barang,0
Menyebabkan Orang Mati Karena Kelalaian,0
Narkotika (Narkoba),0
Nepotisme,0
Operasional Pelabuhan Ilegal,0
Over Dimensi,0
Pelanggaran Administratif Berujung Pidana,0
Pelanggaran Dalam Hal Penyampaian Pendapat Di Muka Umum,0
Pelanggaran hak konsumen,0
Pelanggaran Keselamatan Kerja,0
Pelanggaran Kesusilaan Digital,0
Pelanggaran Ketentuan Perbankan Syariah (P2SK),0
"Pelanggaran Mengenai Tanah, Tanaman, dan Perkarangan",0
Pelanggaran perlindungan konsumen,0
Pelanggaran Terhadap Rahasia Jabatan,0
Pelayaran,0
Pelecehan Seksual Fisik,0
Pemain Judi,0
Pemalsuan,0
Pemalsuan Data,0
Pemalsuan merek negara,0
Pemalsuan surat (dokumen),0
Pemalsuan Surat Berharga/Akta Autentik,0
Pemalsuan Surat Medis,0
Pemalsuan Surat Umum,0
Pemalsuan Uang,0
Pembajakan Komersial,0
Pembakaran/Ledakan/Banjir (Sengaja),0
Pembocoran Dokumen Rahasia Negara,0
Pembukaan Data Rahasia,0
Pemerasan (dengan kekerasan),0
Pemerasan (Extortion),0
Pemerasan dengan pemberatan (luka/mati/kelompok),0
Pemindahtanganan IUP/IUPK/IPR/SIPB,0
Penadahan Ringan,0
Pencabulan paksa,0
Pencatatan Palsu/Fraud,0
Pencemaran lingkungan karena kelalaian,0
Pencemaran Lisan,0
Pencemaran Tertulis,0
Pencucian Uang (TPPU) Aktif,0
Pencucian Uang/Money Loundry,0
Pencurian,0
Pencurian biasa 63,0
Pencurian dalam keluarga (harta campur) 71,0
Pencurian dalam keluarga (Harta pisah/Kerabat),0
Pencurian Data Elektronik,0
Pencurian dengan Cara Merusak/Memanjat/Kunci Palsu,0
Pencurian dengan kekerasan (Curas),0
Pencurian dengan Kekerasan (Curas/Begal),0
Pencurian dengan pemberatan (Curat),0
Pencurian dengan pemberatan (Curat) 64,0
Pencurian Secara Bersama-sama dan Bersekutu,0
Penelantaran Orang Tanggungan,0
Pengalihan tanggung jawab,0
Pengalihan/penggadaian/penyewaan objek Fidusia tanpa persetujuan,0
Pengancaman (Blackmail),0
Pengancaman Berat (Lisan),0
Pengancaman Elektronik,0
Pengancaman terbuka 29,0
Penganiayaan 45,0
Penganiayaan berat (Anirat),0
Penganiayaan Biasa,0
Penganiayaan Ringan,0
Penganiayaan ringan 49,0
"Penganiayaan terhadap binatang sengaja membuat sakit, cacat, merusak kesehatan",0
PENGANIYAAN RINGAN,0
Pengedar/Bandar,0
Pengeluaran SDG Perkebunan Tanpa Izin,0
Pengeroyokan/Kekerasan massal,0
Penggelapan Biasa,0
Penggelapan dalam Jabatan/Pekerjaan,0
Penggunaan SDA Tanpa Izin Usaha,0
Penggunaan Surat Palsu,0
Penghinaan / Pencemaran Nama Baik,0
Penghinaan dengan tulisan,0
Penghinaan Ringan,0
Pengolahan Tanpa Izin,0
Pengrusakan,0
Penguasaan Narkotika dengan Pemberatan (Berat > 5 gram),0
Penguasaan/Kepemilikan Narkotika,0
Penimbunan barang pokok,0
Penipuan (Fraud),0
Penipuan Hak Tanah (Stellionata),0
Penipuan Melalui Media Elektronik,0
Penipuan prospektus saham/obligasi,0
Penipuan Ringan,0
Penipuan terhadap pembeli,0
Penipuan Transaksi Elektronik,0
Penipuan/perbuatan curang,0
Penjual Minuman Keras ( Miras ),0
Penodaan agama,0
Penyalah Guna Narkotika,0
Penyalahguna,0
Penyalahgunaan BBM Subsidi,0
Penyalahgunaan Dana Penanganan Fakir Miskin,0
"Penyalahgunaan sajam, senpi, dan handak",0
Penyalahgunaan wewenang/jabatan,0
Penyanderaan,0
Penyebaran Berita Bohong,0
Penyelenggaraan tanpa izin,0
Penyelundupan,0
Penyelundupan antar-area media pembawa,0
Penyelundupan impor media pembawa,0
Penyelundupan Senjata Api/Arm Smugling,0
Penyerobotan Lahan Perkebunan,0
Penyerobotan/Penipuan hak tanah,0
Penyimpanan Tanpa Izin,0
Penyimpanan/Niaga Ilegal,0
Perampasan,0
Perbuatan Tidak Menyenangkan,0
"Perbuatan-perbuatan yang dapat merugikan, menyusahkan dan mendatangkan bahaya lalu lintas di jalan umum",0
Percobaan Pembunuhan,0
Perdagangan Orang,0
Peredaran Obat Online Ilegal,0
Perkelahian Pelajar/Mahasiswa,0
Perkelahian Tanding,0
Pernikahan di bawah umur,0
Perompakan/Pembajakan,0
Perompakan/pembajakan (dalam Negeri/lokal),0
Persetubuhan dengan Anak,0
Persetubuhan dengan anak di bawah umur,0
Persetubuhan Terhadap Anak,0
Pertambangan Ilegal (PETI),0
Perusakan Barang Milik Orang Lain,0
Perusakan barang/hewan,0
Perusakan Data Elektronik,0
Perusakan gedung/bangunan,0
Perusakan ringan,0
Perzinahan (Zina),0
Pesta Umum Tanpa Izin,0
Produk Non-SNI Wajib,0
Produksi/Distribusi Pornografi,0
Separatisme,0
Sistem Budi Daya Pertanian Berkelanjutan,0
suap,0
"Tanpa izin Polri (Pegawai Negeri yang berhak), mengadakan pesta umum dan pawai di jalan umum.",0
Tentang merintangi jalan,0
Terhadap Keamanan Negara / Makar,0
Terhadap Kemanan Negara/Makar,0
Tidak Membayar Upah / Upah di Bawah Minimum,0
Tidak Menaati Tata Ruang,0
Tidak menurut perintah petunjuk Polri pada waktu ada pesta/arak-arakan di jalan umum.,0
Tindakan Asusila,0
Unjuk Rasa Anarkis,0
Usaha Perikanan Tanpa Perizinan Berusaha,0
Window Dressing Bank,0
Zina (Adultery),0
Zina (Perzinaan),0
